Number of Pertubations;Truth;Average
10e2;914;966.8219567455146
10e3;894;498.72771022024926
10e4;891;1053.0843289812133
10e5;893;939.2715425728671
10e6;878;912.8497993611486
